year,statistic,p.value,p.value.se,test_statistic,alternative,n_permutations
2008,1.7287711342124226,0.6294,0.004829654646038369,diff_in_means_varw,two.sided,10000
2012,2.080140858490416,0.5354,0.004987452656416901,diff_in_means_varw,two.sided,10000
2016,4.761314961145078,0.1503,0.003573652333397864,diff_in_means_varw,two.sided,10000
2020,-0.33657271769307384,0.9104,0.0028560784302956387,diff_in_means_varw,two.sided,10000
