year,statistic,p.value,p.value.se,test_statistic,alternative,n_permutations
2008,0.706809523809524,0.8583,0.00348742182708086,diff_in_means_varw,two.sided,10000
2012,2.2812886597938125,0.5329,0.004989164158453799,diff_in_means_varw,two.sided,10000
2016,4.905480427046266,0.1346,0.0034129582476203836,diff_in_means_varw,two.sided,10000
2020,-2.1708605341246288,0.4717,0.004991984675457248,diff_in_means_varw,two.sided,10000
